<?xml version="1.0" encoding="UTF-8"?>
<?xml-stylesheet type="text/xsl" href="plantilla.xsl"?>
<rss version="2.0">
  <channel>
    <title>Ejemplo de RSS</title>
    <link>http://www.ejemplo.com/rss</link>
    <description>Este es un ejemplo de un feed RSS.</description>
    <language>es</language>
    
    <item>
      <title>Entrada 1</title>
      <link>Entradas/entrada1.html</link>
      <description>Esta es la primera entrada del feed RSS.</description>
      <pubDate>Mon, 23 May 2023 09:00:00 GMT</pubDate>
    </item>
    
    <item>
      <title>Entrada 2</title>
      <link>Entradas/entrada2.html</link>
      <description>Esta es la segunda entrada del feed RSS.</description>
      <pubDate>Tue, 24 May 2023 12:30:00 GMT</pubDate>
    </item>
    
    <item>
      <title>Entrada 3</title>
      <link>Entradas/entrada3.html</link>
      <description>Esta es la tercera entrada del feed RSS.</description>
      <pubDate>Wed, 25 May 2023 18:15:00 GMT</pubDate>
    </item>
    
  </channel>
</rss>
